,precision,recall,f1-score,support
0,0.9691011235955056,0.9801136363636364,0.9745762711864406,704.0
1,0.0,0.0,0.0,120.0
2,0.9991544307826986,0.998955681094844,0.9990550460540711,100544.0
3,0.9973461150353179,0.9987570735650768,0.9980510956275878,98960.0
4,0.9662921348314607,0.9555555555555556,0.9608938547486034,720.0
accuracy,0.9980402689904898,0.9980402689904898,0.9980402689904898,0.9980402689904898
macro avg,0.7863787608489966,0.7866763893158225,0.7865152535233406,201048.0
weighted avg,0.9974450487475658,0.9980402689904898,0.9977421921337236,201048.0
