{
    "FILTERS": 176,
    "KERNEL_SIZE": 48,
    "NUM_1_NEURONS": 216,
    "DROPOUT_1": 0.20000000000000004,
    "NUM_2_NEURONS": 256,
    "DROPOUT_2": 0.20000000000000004,
    "LEARNING_RATE": 0.001,
    "tuner/epochs": 4,
    "tuner/initial_epoch": 0,
    "tuner/bracket": 1,
    "tuner/round": 0
}