{
    "FILTERS": 136,
    "KERNEL_SIZE": 104,
    "NUM_1_NEURONS": 224,
    "DROPOUT_1": 0.30000000000000004,
    "NUM_2_NEURONS": 144,
    "DROPOUT_2": 0.40000000000000013,
    "LEARNING_RATE": 0.0001,
    "tuner/epochs": 10,
    "tuner/initial_epoch": 0,
    "tuner/bracket": 0,
    "tuner/round": 0
}