{
    "FILTERS": 184,
    "KERNEL_SIZE": 56,
    "POOL_SIZE": 6,
    "NUM_1_NEURONS": 152,
    "DROPOUT_1": 0.45000000000000007,
    "NUM_2_NEURONS": 224,
    "DROPOUT_2": 0.25000000000000006,
    "LEARNING_RATE": 0.001,
    "tuner/epochs": 10,
    "tuner/initial_epoch": 4,
    "tuner/bracket": 2,
    "tuner/round": 2,
    "tuner/trial_id": "6ca1055bb8223afb3fbcc678594a4ce7"
}