{
    "FILTERS": 88,
    "KERNEL_SIZE": 56,
    "POOL_SIZE": 4,
    "NUM_1_NEURONS": 248,
    "DROPOUT_1": 0.15000000000000002,
    "NUM_2_NEURONS": 192,
    "DROPOUT_2": 0.25000000000000006,
    "LEARNING_RATE": 0.001,
    "tuner/epochs": 10,
    "tuner/initial_epoch": 4,
    "tuner/bracket": 1,
    "tuner/round": 1,
    "tuner/trial_id": "d3ca017ffacd0f233964a325a29c7b24"
}