{
    "FILTERS": 152,
    "KERNEL_SIZE": 48,
    "POOL_SIZE": 4,
    "NUM_1_NEURONS": 128,
    "DROPOUT_1": 0.3500000000000001,
    "NUM_2_NEURONS": 128,
    "DROPOUT_2": 0.30000000000000004,
    "LEARNING_RATE": 0.001,
    "tuner/epochs": 10,
    "tuner/initial_epoch": 4,
    "tuner/bracket": 2,
    "tuner/round": 2,
    "tuner/trial_id": "f5a0384da1a0f843df91b120723ab79d"
}