,precision,recall,f1-score,support
0,0.13657056145675264,0.703125,0.2287166454891995,128.0
1,0.0,0.0,0.0,80.0
2,0.17772215269086358,0.16904761904761906,0.1732763880414887,1680.0
3,0.9830725265608076,0.9743375970762905,0.9786855720365717,87560.0
4,0.18976545842217485,0.7416666666666667,0.30220713073005095,120.0
accuracy,0.9576634512325831,0.9576634512325831,0.9576634512325831,0.9576634512325831
macro avg,0.2974261398261197,0.5176353765581153,0.3365771472594622,89568.0
weighted avg,0.9648161902583746,0.9576634512325831,0.9607265273952991,89568.0
